municipio,estado,bairro,combustivel,preco,revenda,endereco,data_coleta
JOAO PESSOA,PARAIBA,BAIRRO DOS ESTADOS,diesel comum,7.19,POSTO ESPÍRITO SANTO,AVENIDA ESPIRITO SANTO,2026-09-21
JOAO PESSOA,PARAIBA,BAIRRO DOS ESTADOS,etanol,4.49,POSTO ESPÍRITO SANTO,AVENIDA ESPIRITO SANTO,2026-09-21
JOAO PESSOA,PARAIBA,BAIRRO DOS ESTADOS,gasolina comum,6.25,POSTO ESPÍRITO SANTO,AVENIDA ESPIRITO SANTO,2026-09-21
JOAO PESSOA,PARAIBA,BESSA,diesel comum,6.98,POSTO FX,RUA FRANCISCO LEOCADIO RIBEIRO COUTINHO,2026-09-21
JOAO PESSOA,PARAIBA,BESSA,diesel comum,6.98,POSTO FX,RUA FRANCISCO LEOCADIO RIBEIRO COUTINHO,2026-09-21
JOAO PESSOA,PARAIBA,BESSA,etanol,4.49,POSTO FX,RUA FRANCISCO LEOCADIO RIBEIRO COUTINHO,2026-09-21
JOAO PESSOA,PARAIBA,BESSA,gasolina comum,6.29,POSTO FX,RUA FRANCISCO LEOCADIO RIBEIRO COUTINHO,2026-09-21
JOAO PESSOA,PARAIBA,CENTRO,diesel comum,7.19,POSTO EXPRESSO,AVENIDA PRES. EPITACIO PESSOA,2026-09-21
JOAO PESSOA,PARAIBA,CENTRO,etanol,4.45,POSTO EXPRESSO,AVENIDA PRES. EPITACIO PESSOA,2026-09-21
JOAO PESSOA,PARAIBA,CENTRO,gasolina aditivada,6.55,POSTO EXPRESSO,AVENIDA PRES. EPITACIO PESSOA,2026-09-21
JOAO PESSOA,PARAIBA,CENTRO,gasolina comum,6.25,POSTO EXPRESSO,AVENIDA PRES. EPITACIO PESSOA,2026-09-21
JOAO PESSOA,PARAIBA,ESTADOS,gasolina aditivada,6.45,POSTO SANTA CATARINA,AVENIDA SANTA CATARINA,2026-09-21
JOAO PESSOA,PARAIBA,ESTADOS,gasolina comum,6.25,POSTO SANTA CATARINA,AVENIDA SANTA CATARINA,2026-09-21
JOAO PESSOA,PARAIBA,JOSE AMERICO,diesel comum,7.19,AUTO POSTO DE COMBUSTIVEIS JOSE AMERICO LTDA,AVENIDA HILTON SOUTO MAIOR,2026-09-21
JOAO PESSOA,PARAIBA,JOSE AMERICO,etanol,4.49,AUTO POSTO DE COMBUSTIVEIS JOSE AMERICO LTDA,AVENIDA HILTON SOUTO MAIOR,2026-09-21
JOAO PESSOA,PARAIBA,JOSE AMERICO,gasolina aditivada,6.55,AUTO POSTO DE COMBUSTIVEIS JOSE AMERICO LTDA,AVENIDA HILTON SOUTO MAIOR,2026-09-21
JOAO PESSOA,PARAIBA,JOSE AMERICO,gasolina comum,6.25,AUTO POSTO DE COMBUSTIVEIS JOSE AMERICO LTDA,AVENIDA HILTON SOUTO MAIOR,2026-09-21
JOAO PESSOA,PARAIBA,MANAIRA,etanol,4.59,POSTO JR,AVENIDA GENERAL EDSON RAMALHO,2026-09-21
JOAO PESSOA,PARAIBA,MANAIRA,gasolina comum,6.39,POSTO JR,AVENIDA GENERAL EDSON RAMALHO,2026-09-21
JOAO PESSOA,PARAIBA,MANDACARU,diesel comum,6.39,POSTO FREI DAMIÃO,AVENIDA JOAQUIM PIRES FERREIRA,2026-09-21
JOAO PESSOA,PARAIBA,MANDACARU,diesel comum,6.95,POSTO FREI DAMIÃO,AVENIDA JOAQUIM PIRES FERREIRA,2026-09-21
JOAO PESSOA,PARAIBA,MANDACARU,etanol,4.49,POSTO FREI DAMIÃO,AVENIDA JOAQUIM PIRES FERREIRA,2026-09-21
JOAO PESSOA,PARAIBA,MANDACARU,gasolina aditivada,6.55,POSTO FREI DAMIÃO,AVENIDA JOAQUIM PIRES FERREIRA,2026-09-21
JOAO PESSOA,PARAIBA,MANDACARU,gasolina comum,6.25,POSTO FREI DAMIÃO,AVENIDA JOAQUIM PIRES FERREIRA,2026-09-21
JOAO PESSOA,PARAIBA,MIRAMAR,etanol,4.59,AUTO POSTO DE COMBUSTIVEIS FREEWAY LTDA,AVENIDA SENADOR RUI CARNEIRO,2026-09-21
JOAO PESSOA,PARAIBA,MIRAMAR,gasolina aditivada,6.59,AUTO POSTO DE COMBUSTIVEIS FREEWAY LTDA,AVENIDA SENADOR RUI CARNEIRO,2026-09-21
JOAO PESSOA,PARAIBA,MIRAMAR,gasolina comum,6.27,AUTO POSTO DE COMBUSTIVEIS FREEWAY LTDA,AVENIDA SENADOR RUI CARNEIRO,2026-09-21
JOAO PESSOA,PARAIBA,OITIZEIRO,diesel comum,6.49,MAXI POSTO IX LTDA,RUA JOAQUIM NONATO DE AQUINO,2026-09-21
JOAO PESSOA,PARAIBA,OITIZEIRO,diesel comum,6.97,MAXI POSTO IX LTDA,RUA JOAQUIM NONATO DE AQUINO,2026-09-21
JOAO PESSOA,PARAIBA,OITIZEIRO,etanol,4.48,MAXI POSTO IX LTDA,RUA JOAQUIM NONATO DE AQUINO,2026-09-21
JOAO PESSOA,PARAIBA,OITIZEIRO,gasolina aditivada,6.74,MAXI POSTO IX LTDA,RUA JOAQUIM NONATO DE AQUINO,2026-09-21
JOAO PESSOA,PARAIBA,OITIZEIRO,gasolina comum,6.24,MAXI POSTO IX LTDA,RUA JOAQUIM NONATO DE AQUINO,2026-09-21
JOAO PESSOA,PARAIBA,PENHA,diesel comum,6.96,POSTO SEIXAS,RUA COMERCIANTE JOSE GOMES DOS SANTOS,2026-09-23
JOAO PESSOA,PARAIBA,PENHA,diesel comum,6.99,POSTO SEIXAS,RUA COMERCIANTE JOSE GOMES DOS SANTOS,2026-09-23
JOAO PESSOA,PARAIBA,PENHA,etanol,4.49,POSTO SEIXAS,RUA COMERCIANTE JOSE GOMES DOS SANTOS,2026-09-23
JOAO PESSOA,PARAIBA,PENHA,gasolina aditivada,6.35,POSTO SEIXAS,RUA COMERCIANTE JOSE GOMES DOS SANTOS,2026-09-23
JOAO PESSOA,PARAIBA,PENHA,gasolina comum,6.25,POSTO SEIXAS,RUA COMERCIANTE JOSE GOMES DOS SANTOS,2026-09-23
JOAO PESSOA,PARAIBA,RANGEL,diesel comum,6.97,POSTO SANTA ANA,RUA VICENTE COSTA FILHO,2026-09-21
JOAO PESSOA,PARAIBA,RANGEL,etanol,4.48,POSTO SANTA ANA,RUA VICENTE COSTA FILHO,2026-09-21
JOAO PESSOA,PARAIBA,RANGEL,gasolina comum,6.25,POSTO SANTA ANA,RUA VICENTE COSTA FILHO,2026-09-21
JOAO PESSOA,PARAIBA,TAMBAU,gasolina aditivada,6.79,A S DE CASTRO & CIA LTDA,AVENIDA SENADOR RUI CARNEIRO,2026-09-21
JOAO PESSOA,PARAIBA,TAMBAU,gasolina comum,6.49,A S DE CASTRO & CIA LTDA,AVENIDA SENADOR RUI CARNEIRO,2026-09-21
JOAO PESSOA,PARAIBA,TAMBAUZINHO,diesel comum,7.49,MOTOGÁS,AVENIDA EPITACIO PESSOA,2026-09-21
JOAO PESSOA,PARAIBA,TAMBAUZINHO,etanol,4.45,MOTOGÁS,AVENIDA EPITACIO PESSOA,2026-09-21
JOAO PESSOA,PARAIBA,TAMBAUZINHO,gasolina comum,6.25,MOTOGÁS,AVENIDA EPITACIO PESSOA,2026-09-21
JOAO PESSOA,PARAIBA,TAMBIA,diesel comum,6.58,POSTO INDEPENDÊNCIA,PRACA CALDAS BRANDAO,2026-09-21
JOAO PESSOA,PARAIBA,TAMBIA,etanol,4.45,POSTO INDEPENDÊNCIA,PRACA CALDAS BRANDAO,2026-09-21
JOAO PESSOA,PARAIBA,TAMBIA,gasolina aditivada,6.79,POSTO DE COMBUSTÍVEL TAMBIÁ LTDA,AVENIDA MONSENHOR WALFREDO LEAL,2026-09-21
JOAO PESSOA,PARAIBA,TAMBIA,gasolina comum,6.25,POSTO INDEPENDÊNCIA,PRACA CALDAS BRANDAO,2026-09-21
JOAO PESSOA,PARAIBA,TAMBIA,gasolina comum,6.49,POSTO DE COMBUSTÍVEL TAMBIÁ LTDA,AVENIDA MONSENHOR WALFREDO LEAL,2026-09-21
JOAO PESSOA,PARAIBA,TORRE,diesel comum,7.19,AUTOMIX COMERCIO DE COMBUSTIVEIS LTDA,AVENIDA DOM PEDRO II,2026-09-21
JOAO PESSOA,PARAIBA,TORRE,diesel comum,7.25,POSTO QUALITY,AVENIDA MINISTRO JOSE AMERICO DE ALMEIDA,2026-09-21
JOAO PESSOA,PARAIBA,TORRE,etanol,4.45,POSTO QUALITY,AVENIDA MINISTRO JOSE AMERICO DE ALMEIDA,2026-09-21
JOAO PESSOA,PARAIBA,TORRE,etanol,4.49,PETROBEL,AVENIDA JUAREZ TAVORA,2026-09-21
JOAO PESSOA,PARAIBA,TORRE,etanol,4.59,AUTOMIX COMERCIO DE COMBUSTIVEIS LTDA,AVENIDA DOM PEDRO II,2026-09-21
JOAO PESSOA,PARAIBA,TORRE,gasolina aditivada,6.59,AUTOMIX COMERCIO DE COMBUSTIVEIS LTDA,AVENIDA DOM PEDRO II,2026-09-21
JOAO PESSOA,PARAIBA,TORRE,gasolina aditivada,6.6,POSTO QUALITY,AVENIDA MINISTRO JOSE AMERICO DE ALMEIDA,2026-09-21
JOAO PESSOA,PARAIBA,TORRE,gasolina aditivada,6.79,PETROBEL,AVENIDA JUAREZ TAVORA,2026-09-21
JOAO PESSOA,PARAIBA,TORRE,gasolina comum,6.29,AUTOMIX COMERCIO DE COMBUSTIVEIS LTDA,AVENIDA DOM PEDRO II,2026-09-21
JOAO PESSOA,PARAIBA,TORRE,gasolina comum,6.29,POSTO QUALITY,AVENIDA MINISTRO JOSE AMERICO DE ALMEIDA,2026-09-21
JOAO PESSOA,PARAIBA,TORRE,gasolina comum,6.49,PETROBEL,AVENIDA JUAREZ TAVORA,2026-09-21
